Time,Temp,Z,cumZ,Soot
46.1,217.77860673913045,6361.5,0.0,100.0037612
92.2,217.46420565217392,6762.0,302496.675,100.0078625
138.3,218.3441697826087,7081.5,621589.3500000001,100.0122239
184.4,219.6452347826087,7248.0,951884.3250000001,100.0166653
230.5,220.89552173913043,7340.0,1288137.725,100.0210066
276.6,222.29081043478263,7854.000000000001,1638359.4250000003,100.025308
322.7,223.76659,7349.5,1988800.1,100.0297694
368.8,225.22854260869565,7326.0,2327070.375,100.0343309
414.9,226.72453608695653,9030.0,2704076.175,100.0387923
461.0,228.27393913043477,9030.0,3120359.175,100.0426135
507.1,229.85075130434782,8909.0,3533853.125,100.0458545
553.2,231.3635043478261,8876.0,3943797.375,100.0482553
599.3,232.9476136956522,8967.0,4355078.524999999,100.0492156
645.4,234.57085913043477,9213.0,4774127.524999999,100.0488955
691.5,236.14896630434782,8700.0,5187022.175,100.047275
737.6,237.69481913043478,8792.0,5590212.775,100.044114
783.7,239.2688654347826,9030.0,6001009.875000001,100.0394125
829.8,240.85116043478263,8519.0,6405514.325,100.0329704
875.9,242.42228934782608,8420.5,6795969.800000001,100.0246878
922.0,243.98328695652174,8500.0,7185987.325000001,100.0145846
968.1,245.51842260869566,8378.5,7575036.750000001,100.0025408
1014.2,247.1086347826087,8728.32,7969348.951000001,99.98847635
1060.3,248.70344999999998,8766.98,8372615.616,99.97225122
1106.4,250.24836347826087,8668.16,8774495.593000002,99.95394543
1152.5,251.8062706521739,8528.5,9170878.606,99.93377905
1198.6,253.41084739130434,8620.16,9566155.219,99.91167205
1244.7,254.99542195652174,8511.539999999999,9961040.904000001,99.88786452
1290.8,256.53438695652176,8288.800000000001,10348288.741,99.86257652
1336.9,258.15301695652175,8088.2599999999975,10725779.974000001,99.83566801
1383.0,259.7283086956522,7697.6,11089644.047,99.80711897
1429.1,261.29977152173916,7688.9,11444302.872,99.77708947
1475.2,262.8827930434782,7665.44,11798220.409,99.74575956
1521.3,264.4632319565217,7678.54,12151899.148,99.71314924
1567.4,266.0612943478261,7584.68,12503716.369,99.67937856
1613.5,267.6201065217391,7481.7,12850996.428,99.6447476
1659.6,269.20799913043476,7383.84,13193647.124999998,99.60955646
1705.7,270.7996832608696,6939.580000000001,13523801.955999998,99.57376514
1751.8,272.34908739130435,6626.359999999999,13836496.872999998,99.5375937
1797.9,273.92356173913043,6950.56,14149444.878999999,99.5012622
1844.0,275.51136086956524,7114.4,14473642.206999999,99.46465062
1890.1,277.10464456521737,7179.160000000001,14803108.764999999,99.42767892
1936.2,278.6744995652174,7072.12,15131600.769,99.39048715
1982.3,280.26347326086955,7096.6,15458189.764999999,99.35315534
2028.4,281.8477408695652,7079.119999999999,15784940.111,99.31592356
2074.5,283.4192728260869,7032.1,16110203.731999999,99.27903189
2120.6,284.97072,6874.84,16430758.699,99.24230026
2166.7,286.5542343478261,6921.9800000000005,16748775.399999999,99.20590875
2212.8,288.1193,6681.599999999999,17062337.919,99.16977732
2258.9,289.6880954347826,6540.4,17367105.018999998,99.13370591
2305.0,291.2706456521739,6403.0,17665450.389,99.09777454
2351.1,292.865257826087,6299.200000000001,17958236.099,99.06210325
2397.2,294.4290252173913,6101.04,18244061.630999997,99.02703215
2443.3,296.02693260869563,6130.139999999999,18525990.33,98.9924212
2489.4,297.54722217391304,6032.799999999999,18806346.097,98.95787027
2535.5,299.1454945652174,5916.8,19081784.377,98.92315929
2581.6,300.75938,5838.0,19352732.517,98.88866838
2627.7,302.34746347826086,5817.099999999999,19621382.572,98.85495771
2673.8,303.9060930434783,5644.96,19885583.055000003,98.82170719
2719.9,305.4887695652174,5565.96,20143994.761000004,98.78843666
2766.0,307.06379999999996,5524.0,20399618.339,98.7553862
2812.1,308.64820782608695,5473.46,20653109.792,98.72283591
2858.2,310.21316956521736,5482.839999999999,20905652.507,98.69064572
2904.3,311.71928565217394,5484.799999999999,21158456.609,98.65871562
2950.4,313.2683043478261,5359.5199999999995,21408418.185000002,98.62730568
2996.5,314.85163804347826,5260.3,21653205.036000002,98.59653594
3042.6,316.4341539130435,5194.64,21894191.403,98.56614633
3088.7,318.0712245652174,5198.860000000001,22133761.578,98.53621686
3134.8,319.6088052173913,5168.24,22372723.233000003,98.50680755
3180.9,321.170125,5057.86,22608434.838000003,98.47793842
3227.0,322.7929108695652,4974.6,22839683.041,98.44980952
3273.1,324.4193817391305,4865.8,23066504.261,98.42228081
3319.2,325.96310608695654,4837.76,23290171.319,98.3950522
3365.3,327.5627695652174,4779.5199999999995,23511849.623,98.36812367
3411.4,329.10140130434786,4729.5599999999995,23731033.917,98.34205543
3457.5,330.6853206521739,4680.0,23947924.275,98.31622725
3503.6,332.26179565217393,4639.92,24162748.430999998,98.290139
3549.7,333.8778754347826,4379.219999999999,24370639.608,98.26447088
3595.8,335.44143956521737,4339.079999999999,24571596.423,98.23910285
3641.9,337.03034391304345,4433.44,24773803.009,98.2139749
3688.0,338.5689869565217,4383.6,24977035.781,98.18908703
3734.1,340.1045263043478,4342.0,25178160.860999998,98.16451925
3780.2,341.7156265217391,4280.08,25376899.804999996,98.14023157
3826.3,343.2892667391304,4269.78,25573974.077999998,98.11582385
3872.4,344.9138547826087,4270.799999999999,25770834.446999997,98.09121606
3918.5,346.52883260869567,4237.0,25966939.236999996,98.06642822
3964.6,348.09998086956523,4113.56,26159419.644999996,98.04150033
4010.7,349.66237760869564,4022.6000000000004,26346958.132999994,98.01647241
4056.8,351.1718452173913,4030.56,26532583.470999997,97.99134446
4102.9,352.77675695652175,4025.4799999999996,26718275.192999996,97.96611648
4149.0,354.3970130434783,4019.0,26903700.457,97.94074845
4195.1,355.97387217391304,3987.96,27088260.885,97.91518036
4241.2,357.53784,3920.96,27270561.491,97.88943222
4287.3,359.1439330434782,3908.92,27451040.225,97.86340398
4333.4,360.7271013043478,3717.040000000002,27626818.603,97.83689559
4379.5,362.2797076086957,3659.3,27796843.240000002,97.80980702
4425.6,363.86127304347826,3614.4800000000005,27964503.869000003,97.78225831
4471.7,365.4869191304348,3561.2400000000007,28129904.215,97.75426945
4517.8,367.04444608695655,3500.2,28292670.407,97.72550035
4563.9,368.59667152173915,3439.7600000000007,28452636.485,97.69577094
4610.0,370.18137391304344,3424.0,28610846.153,97.66520127
4656.1,371.74907152173915,3423.8999999999996,28768690.248000003,97.6340114
4702.2,373.3320691304348,3347.1600000000003,28924763.181,97.60222134
4748.3,374.9114519565217,3461.2400000000007,29081696.801000003,97.56961103
4794.4,376.4819573913043,3461.7599999999998,29241271.951,97.53630049
4840.5,378.0855195652174,3490.0,29401510.019,97.5022097
4886.6,379.6586343478261,3521.840000000001,29563132.931,97.4671186
4932.7,381.23259391304344,3468.92,29724269.949,97.43098716
4978.8,382.84748521739135,3470.24,29884217.587,97.39389543
5024.9,384.40164304347826,2908.0800000000004,30031237.862999998,97.35570335
5071.0,385.94153913043476,2899.4,30165100.277,97.31653095
5117.1,387.5178089130435,2807.42,30296642.478,97.27647828
5163.2,389.1161834782609,2837.279999999998,30426752.812999997,97.23506518
5209.3,390.74875304347825,3019.940000000001,30561761.733999997,97.19219161
5255.4,392.37171347826086,3013.08,30700822.844999995,97.14783758
5301.5,393.9742,3279.1,30845857.593999997,97.10206309
5347.6,395.5422713043479,3229.2799999999993,30995875.753,97.05486816
5393.7,397.1577810869565,3190.0,31143840.156999998,97.00609273
5439.8,398.7467569565218,3158.24,31290167.088999998,96.95559675
5485.9,400.2527630434783,2978.2000000000007,31431612.030999996,96.90316016
5532.0,401.8263304347826,3008.4,31569603.161,96.84882297
5578.1,403.3871091304348,2984.7599999999998,31707745.498999998,96.79226507
5624.2,404.9795456521739,2973.04,31845072.788999997,96.73332642
5670.3,406.577067826087,2947.94,31981551.378,96.67222709
5716.4,408.0906704347826,2939.920000000001,32117266.550999995,96.60898708
5762.5,409.63804782608696,2873.0,32251254.356999997,96.5433063
5808.6,411.2656269565217,2666.56,32378941.215,96.47456455
5854.7,412.8328473913043,2589.7800000000007,32500099.851999998,96.4026618
5900.8,414.3228391304348,2555.3599999999988,32618695.329,96.32793816
5946.9,415.8467452173913,2369.2400000000002,32732207.358999997,96.25049366
5993.0,417.42219347826085,2464.4,32843622.761,96.16980813
6039.1,418.9600510869565,2441.0799999999995,32956694.075,96.08576154
6085.2,420.48798,2385.84,33067954.580999997,95.99831387
6131.3,422.01856586956524,2285.9199999999996,33175638.648999996,95.907085
6177.4,423.56860260869564,2376.359999999996,33283104.202999994,95.8119349
6223.5,425.1312641304348,2573.7,33397203.085999995,95.71276352
6269.6,426.6527904347826,2619.6000000000004,33516908.650999997,95.60933079
6315.7,428.1953308695652,2655.6599999999994,33638503.393999994,95.50163672
6361.8,429.74771000000004,2671.44,33761293.048999995,95.38918114
6407.9,431.3047417391304,2677.8999999999996,33884595.335999995,95.27134385
6454.0,432.85438695652175,2660.0,34007633.930999994,95.1482249
6500.1,434.4530547826087,2679.7999999999993,34130716.320999995,95.01966422
6546.2,436.0079843478261,2664.399999999998,34253900.13099999,94.88530171
6592.3,437.5523993478261,2803.2200000000003,34379928.77199999,94.74521739
6638.4,439.11369391304345,2915.199999999999,34511738.35299999,94.59913117
6684.5,440.6594086956522,2951.9,34646975.007999994,94.44648287
6730.6,442.2391082608696,2980.9600000000005,34783727.430999994,94.28673232
6776.7,443.7786202173913,3020.0,34922049.55899999,94.11987953
6822.8,445.3228139130435,3062.4000000000005,35062248.87899999,93.94602452
6868.9,446.8775510869565,3054.4000000000015,35203241.118999995,93.76462713
6915.0,448.4424673913043,3078.0,35344592.938999996,93.57540726
6961.1,450.0025371739131,3123.3200000000006,35487533.364999995,93.37774472
7007.2,451.52560260869564,3160.88,35632384.17499999,93.17143944
7053.3,453.07548673913044,3182.6200000000003,35778601.849999994,92.95611131
7099.4,454.63675347826086,3245.5199999999995,35926770.47699999,92.7313602
7145.5,456.2064608695652,3223.0,36075869.86299999,92.496846
7191.6,457.7291843478261,3280.2400000000007,36225769.544999994,92.2522086
7237.7,459.2739463043478,3337.8599999999997,36378316.74999999,91.99790814
7283.8,460.80302347826085,3453.32,36534853.44899999,91.73316437
7329.9,462.3804254347826,3521.8199999999993,36695630.42599999,91.45673691
7376.0,463.9364956521739,3597.2,36859723.83699999,91.16872579
7422.1,465.45747,3672.9400000000005,37027300.56399999,90.86911099
7468.2,466.9980356521739,3712.92,37197544.63699999,90.55681218
7514.3,468.521147826087,3783.1600000000003,37370329.28099999,90.23162929
7560.4,470.0787678260869,3838.4799999999996,37546008.08299999,89.89322222
7606.5,471.66036304347824,3895.7,37724280.93199999,89.54025054
7652.6,473.2427752173913,3955.5600000000004,37905252.47499999,89.17261422
7698.7,474.76705782608695,3992.96,38088465.86099999,88.79041329
7744.8,476.3085513043478,4032.88,38273461.47299999,88.39320761
7790.9,477.855202173913,4061.6199999999994,38460039.69799999,87.98011691
7837.0,479.3984304347826,4110.4,38648404.758999996,87.55016087
7883.1,480.9582865217391,4145.5199999999995,38838703.714999996,87.10253924
7929.2,482.5284669565217,4143.5199999999995,39029766.087,86.63723202
7975.3,484.09076782608696,4155.76,39221064.491,86.15445927
8021.4,485.58895739130435,4143.12,39412353.675,85.65366082
8067.5,487.11989782608697,4149.0,39603487.041,85.1343365
8113.6,488.61943565217393,4148.5599999999995,39794745.799,84.5945057
8159.7,490.2212545652174,4150.0,39986027.607,84.03406838
8205.8,491.77235260869566,4137.68,40177058.631,83.45256439
8251.9,493.24112413043474,4115.62,40367297.196,82.85101406
8298.0,494.7698304347826,4096.8,40556593.477000006,82.23025765
8344.1,496.34489760869565,4052.3599999999997,40744431.61500001,81.58767434
8390.2,497.9088439130435,4013.7999999999993,40930356.60300001,80.92108343
8436.3,499.4382726086956,3970.440000000001,41114393.335,80.23038489
8482.4,500.97249999999997,3919.6000000000004,41296258.757,79.51743932
8528.5,502.4917304347826,3869.8,41475804.427,78.78068621
8574.6,504.00817608695655,3813.3999999999996,41652902.187,78.01908524
8620.7,505.5420136956522,3767.2999999999993,41827637.322,77.23309655
8666.8,507.0870947826087,3720.5600000000004,42000232.49499999,76.42438067
8712.9,508.6327373913043,3669.6800000000003,42170577.52699999,75.59129709
8759.0,510.19121739130435,3616.8,42338530.89099999,74.72956443
8805.1,511.72332239130435,3570.8999999999996,42504207.37599999,73.84262381
8851.2,513.2841217391305,3519.0399999999995,42667630.492999986,72.93131547
8897.3,514.7985130434782,3473.2400000000007,42828802.54699998,71.99227836
8943.4,516.2236956521739,3419.9200000000005,42987689.88499998,71.02881352
8989.5,517.7180999999999,3356.7,43143890.97599998,70.04284156
9035.6,519.3192817391305,3300.1599999999994,43297331.598999985,69.03574291
9081.7,520.9225510869566,3241.959999999999,43448127.46499999,68.00461666
9127.8,522.4351995652174,3187.080000000001,43596316.83699998,66.94590168
9173.9,523.9853028260869,3138.1000000000004,43742112.23599999,65.86425945
9220.0,525.5190565217391,3088.0,43885623.84099999,64.76131048
9266.1,526.992212173913,3041.12,44026900.05699999,63.64059588
9312.2,528.4618700000001,2984.919999999999,44165800.27899999,62.50115537
9358.3,530.0028517391304,2933.3600000000006,44302216.63299999,61.33838747
9404.4,531.5518513043478,2876.9600000000005,44436144.50899999,60.15413277
9450.5,533.0544119565218,2827.4,44567630.00699999,58.94961166
9496.6,534.58326,2776.7599999999993,44696805.894999996,57.72678475
9542.7,536.088245,2726.7599999999993,44823662.030999996,56.48997343
9588.8,537.6054460869565,2674.9600000000005,44948171.67699999,55.23971785
9634.9,539.1425213043478,2624.0800000000004,45070314.548999995,53.97157661
9681.0,540.7118086956522,2584.8,45190379.232999995,52.69101144
9727.1,542.2787119565218,2532.8999999999996,45308342.217999995,51.39966285
9773.2,543.7850843478261,2486.7999999999993,45424046.302999996,50.09711073
9819.3,545.3143695652174,2444.7000000000007,45537717.37799999,48.7882366
9865.4,546.8387204347827,2400.76,45649405.23099999,47.46641837
9911.5,548.3964347826087,2360.2,45759145.35899999,46.13823814
9957.6,549.945147826087,2313.9199999999996,45866883.82499999,44.81057807
10003.7,551.4438473913043,2254.6647333333326,45972189.70310332,43.4810374
10049.8,552.9344586956521,2234.336340740741,46075661.17786072,42.15099658
10095.9,554.475207826087,2214.007948148148,46178195.51371961,40.82021552
10142.0,556.0131304347826,2181.96,46279522.574924424,39.48995462
10188.1,557.5251154347826,2148.7679999999996,46379345.855324425,38.1624546
10234.2,559.0492191304348,2114.2763999999993,46477609.02874442,36.83847569
10280.3,560.5906630434782,2079.3326000000006,46574271.71619442,35.5192783
10326.4,562.1550060869565,2039.5312000000004,46669211.52678442,34.21092434
10372.5,563.6737510869565,1996.105,46762232.94119442,32.9165748
10418.6,565.2087734782608,1952.7903999999996,46853254.98016442,31.63570954
10464.7,566.7633558695652,1909.6407999999992,46942284.01932442,30.36750828
10510.8,568.2746834782608,1867.8952000000006,47029356.22412442,29.11417172
10556.9,569.80462,1830.7386000000004,47114609.733214416,27.87379927
10603.0,571.3581,1793.57,47198150.046444416,26.64753128
10649.1,572.8418782608695,1756.2289999999998,47279972.913394414,25.44002923
10695.2,574.3143165217391,1718.8879999999995,47360074.360244416,24.25297364
10741.3,575.8214432608695,1682.2904000000005,47438471.522364415,23.08846519
10787.4,577.3629630434782,1645.7792000000002,47515183.526644416,21.94552356
10833.5,578.8911597826087,1607.392,47590169.12280442,20.82847013
10879.6,580.4110391304348,1568.2991999999997,47663368.804964416,19.7402058
10925.7,581.9639282608696,1530.5941999999993,47734798.29783442,18.67672932
10971.8,583.5188869565217,1493.9908000000005,47804514.982084416,17.63541985
11017.9,585.0868295652174,1457.6380000000001,47872550.025924414,16.62029866
11064.0,586.5863956521739,1421.6799999999998,47938918.305824414,15.63502692
11110.1,588.0896897826087,1387.1359999999997,48003661.51462442,14.67806414
11156.2,589.6141278260869,1357.6319999999994,48066928.41702442,13.75047065
11202.3,591.0923984782609,1328.6616000000001,48128847.48450442,12.85222644
11248.4,592.6111921739131,1309.8528000000001,48189665.24142442,11.98473197
11294.5,594.1741315217391,1291.0439999999999,48249615.91266442,11.1495077
11340.6,595.7043343478261,1275.7268,48308779.97960442,10.34471307
11386.7,597.2250784782609,1260.8825999999997,48367248.826274425,9.56898763
11432.8,598.7828139130435,1247.7440000000001,48425072.669404425,8.82385187
11478.9,600.3199647826086,1235.297,48482306.764454424,8.11014605
11525.0,601.8660347826087,1223.9499999999998,48538992.40780442,7.42787018
11571.1,603.4101982608696,1213.5313999999998,48595176.354074426,6.77670415
11617.2,604.9617391304348,1203.56,48650890.31084443,6.15530754
11663.3,606.5170199999999,1194.3400000000001,48706161.90584443,5.56380039
11709.4,608.0284226086957,1185.4396000000002,48761015.82562443,5.00314299
11755.5,609.552645652174,1177.787,48815488.19875443,4.47339538
11801.6,611.0612017391304,1170.1824000000001,48869608.89342443,3.97157661
11847.7,612.575973478261,1163.9127999999998,48923409.78778443,3.49764666
11893.8,614.0825852173913,1157.6432,48976921.65358443,3.05198565
11939.9,615.5879597826087,1152.0918,49030161.04533443,2.6343135
11986.0,617.0390173913044,1146.652,49083147.08992443,2.24386996
12032.1,618.5544276086956,1142.1752,49135904.55688443,1.87985479
12078.2,620.0947347826087,1138.1184,49188465.32436443,1.54194787
12124.3,621.6324454347825,1134.5962,49240851.39589443,1.22906888
12170.4,623.2016782608696,1131.5536,49293086.14878443,0.94011745
12216.5,624.7086358695652,1128.0159999999998,49345169.22806443,0.67397325
12262.6,626.2147473913043,1123.5904,49397068.75558443,0.42997604
12308.7,627.7328067391305,1119.5302,49448772.68541443,0.2073456
12354.8,629.32214,1117.0408,49500325.64696443,0.00546173
12400.9,630.8132252173913,1114.5585999999998,49551764.013134435,-0.176956
12447.0,632.3415195652174,1112.4379999999999,49603096.28476444,-0.341328
12493.1,633.8586813043479,1110.3174,49654330.79673444,-0.4887746
12539.2,635.3988,1110.0,49705509.112804435,-0.6202763
12585.3,636.9558008695652,1110.0,49756680.112804435,-0.7368131
12631.4,638.4917634782609,1106.8600000000001,49807778.73580444,-0.8396657
12677.5,640.0248565217391,1102.25,49858698.72130444,-0.9295941
12723.6,641.5507,1100.0,49909460.583804436,-1.0077789
12769.7,643.1327699999999,1100.0,49960170.583804436,-1.0756003
12815.8,644.601666521739,1100.0,50010880.583804436,-1.1338988
12861.9,646.1266995652173,1100.0,50061590.583804436,-1.1836545
12908.0,647.689,1100.0,50112300.583804436,-1.2257878
12954.1,649.2421873913044,1100.0,50163010.583804436,-1.2613991
13000.2,650.71189,1100.0,50213720.583804436,-1.2914086
13046.3,652.2199143478261,1100.0,50264430.583804436,-1.3163165
13092.4,653.7604356521739,1100.0,50315140.583804436,-1.3367429
13138.5,655.308027173913,1099.692,50365843.48440444,-1.3533282
13184.6,656.8658821739131,1099.3232,50416530.78476444,-1.3666924
13230.7,658.3695145652174,1096.3756,50467141.64210444,-1.3774158
13276.8,659.9115547826087,1092.1344000000001,50517586.797604434,-1.3856184
13322.9,661.4453823913044,1090.0,50567884.995524436,-1.3917804
13369.0,663.009447826087,1090.0,50618133.995524436,-1.3968019
13415.1,664.5236310869566,1090.0,50668382.995524436,-1.4009032
13461.2,666.0705660869565,1090.0,50718631.995524436,-1.4041843
13507.3,667.6038863043478,1090.0,50768880.995524436,-1.4067651
13553.4,669.1150104347826,1090.0,50819129.995524436,-1.4086457
13599.5,670.6456891304348,1090.0,50869378.995524436,-1.4100061
13645.6,672.1420417391305,1090.0,50919627.995524436,-1.4112665
13691.7,673.7042795652175,1090.0,50969876.995524436,-1.412787
13737.8,675.1862039130434,1090.0,51020125.995524436,-1.4144075
13783.9,676.7206699999999,1090.0,51070374.995524436,-1.4162081
13830.0,678.2848347826086,1090.0,51120623.995524436,-1.4182087
13876.1,679.8472754347827,1090.0,51170872.995524436,-1.4202094
13922.2,681.3941095652175,1087.8244,51221071.84794444,-1.42231
13968.3,682.9091267391304,1083.3066000000001,51271116.41749444,-1.4243907
14014.4,684.4002834782608,1080.1712,51320984.58078444,-1.4266514
14060.5,685.9007445652173,1080.079,51370778.34789444,-1.4293923
14106.6,687.4401847826088,1080.0,51420568.16884444,-1.4325132
14152.7,688.9432013043479,1080.0,51470356.16884444,-1.4356342
14198.8,690.5369104347826,1080.0,51520144.16884444,-1.4385352
14244.9,692.0338917391304,1080.0,51569932.16884444,-1.4415961
14291.0,693.5940717391304,1080.0,51619720.16884444,-1.4471379
14337.1,695.1164308695652,1080.0,51669508.16884444,-1.4528397
14383.2,696.6563269565218,1080.0,51719296.16884444,-1.4555605
14429.3,698.2341095652174,1077.2458000000001,51769020.68453444,-1.4572211
14475.4,699.7370660869565,1072.9124,51818581.831044436,-1.4586615
14521.5,701.3058804347826,1070.471,51867986.818414435,-1.460022
14567.6,702.8303460869565,1070.1943999999999,51917329.15588444,-1.4612223
