Time-DC,Temp-DC,Resistance,Soot left-mg
46.1,216.5273,1711.18721438,0.500018806
92.2,216.4717,1713.62331102,0.5000393125
138.3,216.4105,1712.328767,0.5000611195
184.4,216.3326,1712.328767,0.5000833265
230.5,216.3696,1712.1824141,0.5001050330000001
276.6,216.3102,1709.401709,0.50012654
322.7,216.2138,1715.265866,0.5001488470000001
368.8,216.1052,1706.83469004,0.5001716545
414.9,217.1275,1687.79340048,0.5001939615
461.0,218.8419,1668.8935249,0.5002130675
507.1,220.3848,1641.69389884,0.5002292725
553.2,221.9725,1627.7138952,0.5002412764999999
599.3,223.6944,1615.87545106,0.500246078
645.4,225.4263,1604.93445494,0.5002444775
691.5,227.101,1583.6612058,0.500236375
737.6,228.8356,1561.82297408,0.50022057
783.7,230.5873,1534.35755546,0.5001970625
829.8,232.3207,1519.8495071,0.5001648519999999
875.9,234.0518,1505.09556982,0.500123439
922.0,235.7735,1485.0035770000002,0.5000729230000001
968.1,237.5252,1488.93923225,0.500012704
1014.2,239.2372,1462.33341524,0.49994238175
1060.3,240.9452,1442.8148479800002,0.49986125610000004
1106.4,242.6344,1424.3450915600001,0.49976972715
1152.5,244.3262,1428.571429,0.49966889524999997
1198.6,245.9985,1407.86427776,0.49955836025000006
1244.7,247.685,1388.23071588,0.49943932259999996
1290.8,249.3118,1369.41449128,0.4993128826
1336.9,251.0802,1347.02113995,0.49917834005000006
1383.0,252.734,1319.4396163000001,0.49903559485000004
1429.1,254.4002,1299.1584689400001,0.49888544735
1475.2,256.0943,1280.34625244,0.49872879779999996
1521.3,257.7819,1252.32032693,0.49856574620000005
1567.4,259.4344,1233.44141528,0.4983968928
1613.5,261.0312,1206.20345675,0.498223738
1659.6,262.6558,1187.87521464,0.49804778229999996
1705.7,264.3177,1175.088132,0.4978688257
1751.8,265.9046,1158.26629816,0.4976879685
1797.9,267.6034,1140.04680916,0.497506311
1844.0,269.269,1120.8279668,0.49732325310000003
1890.1,270.8515,1102.52368954,0.49713839460000003
1936.2,272.5351,1085.21557094,0.49695243575
1982.3,274.2197,1063.31029474,0.4967657767
2028.4,275.8918,1043.45167616,0.4965796178
2074.5,277.4522,1020.04622555,0.49639515945
2120.6,279.1195,1009.85712242,0.49621150129999997
2166.7,280.7224,990.0990099,0.49602954375
2212.8,282.3358,977.7270131599998,0.4958488866
2258.9,283.9348,953.3882784009999,0.49566852955
2305.0,285.4984,943.3962264,0.4954888727
2351.1,287.1515,934.5794393,0.49531051625000005
2397.2,288.727,899.7378768440004,0.49513516074999997
2443.3,290.2881,869.5652174,0.49496210599999996
2489.4,291.9409,855.142941348,0.49478935135
2535.5,293.5489,840.3361345,0.49461579645
2581.6,295.1157,826.446281,0.4944433419
2627.7,296.7688,814.5408503300001,0.49427478854999995
2673.8,298.4073,800.0,0.49410853595
2719.9,299.993,793.6507937,0.4939421833
2766.0,301.5976,777.61627904,0.49377693100000003
2812.1,303.1935,763.3587786,0.49361417955
2858.2,304.7983,751.8796992,0.4934532286
2904.3,306.42,743.8916528199999,0.49329357809999996
2950.4,308.0002,735.079433188,0.49313652840000005
2996.5,309.5678,719.4244604,0.4929826797
3042.6,311.1953,707.921286614,0.49283073164999996
3088.7,312.7405,699.3006993,0.49268108429999996
3134.8,314.335,709.0543259560002,0.49253403775000004
3180.9,315.8478,704.2253521,0.4923896921
3227.0,317.375,691.091954,0.4922490476
3273.1,318.9628,680.2721088,0.49211140405000003
3319.2,320.5609,675.6756757,0.491975261
3365.3,322.1619,664.3267108169999,0.49184061835000004
3411.4,323.7025,661.641686968,0.49171027715
3457.5,325.3473,650.4116798499999,0.49158113625
3503.6,326.9142,627.515723264,0.491450695
3549.7,328.4986,617.2839506,0.49132235440000005
3595.8,330.1085,607.61271253,0.49119551424999996
3641.9,331.6083,598.8023952,0.4910698745
3688.0,333.2142,584.7953216,0.49094543515
3734.1,334.7655,580.0174754530001,0.49082259624999997
3780.2,336.3538,571.363636336,0.49070115785
3826.3,337.9782,561.7977528,0.49057911925
3872.4,339.5466,548.729958596,0.4904560803
3918.5,341.1784,540.5405405,0.4903321411
3964.6,342.7426,533.450904538,0.49020750165000004
4010.7,344.3294,526.3157895,0.49008236205000005
4056.8,345.9188,520.8333333,0.4899567223
4102.9,347.4381,514.6973301370001,0.4898305824
4149.0,349.0241,507.6142132,0.48970374225
4195.1,350.607,500.0,0.4895759018
4241.2,352.1838,494.75686488800005,0.4894471611
4287.3,353.7611,487.804878,0.4893170199
4333.4,355.2995,478.4688995,0.48918447795
4379.5,356.9321,474.046490645,0.4890490351
4425.6,358.4687,468.2550129399999,0.48891129155
4471.7,360.0134,462.962963,0.48877134725
4517.8,361.6073,458.7155963,0.48862750175
4563.9,363.2349,452.4886878,0.4884788547
4610.0,364.7716,444.4444444,0.48832600635
4656.1,366.3955,437.42817741499994,0.48817005700000005
4702.2,367.9099,429.1845494,0.4880111067
4748.3,369.4863,422.244868801,0.48784805515
4794.4,371.1424,417.64295675600005,0.48768150245
4840.5,372.6494,413.13811516,0.4875110485
4886.6,374.162,408.73201740199994,0.487335593
4932.7,375.808,402.788573684,0.4871549358
4978.8,377.3211,395.445134576,0.48696947715
5024.9,378.8831,389.88022861600007,0.48677851675
5071.0,380.4919,384.46802239000004,0.48658265475
5117.1,382.0431,378.7878788,0.48638239140000006
5163.2,383.5693,375.489284992,0.4861753259
5209.3,385.149,371.844310055,0.48596095804999995
5255.4,386.6674,366.3003663,0.4857391879
5301.5,388.2505,362.3188406,0.48551031545
5347.6,389.7997,359.7122302,0.4852743408
5393.7,391.3716,355.40496201,0.48503046365
5439.8,392.9908,350.90190266199994,0.48477798375
5485.9,394.5111,347.718253935,0.4845158008
5532.0,396.0969,344.8275862,0.48424411485
5578.1,397.6727,341.51900506899995,0.48396132534999997
5624.2,399.3663,337.360087338,0.4836666321
5670.3,400.848,333.3333333,0.48336113545000003
5716.4,402.3897,329.7316137840001,0.48304493540000004
5762.5,404.0561,326.53126395,0.4827165315
5808.6,405.5826,323.6245955,0.48237282275
5854.7,407.1863,320.031539278,0.482013309
5900.8,408.6887,316.37583356,0.4816396908
5946.9,410.2908,313.4796238,0.4812524683
5993.0,411.8363,310.2705613,0.48084904065000006
6039.1,413.3661,306.83341202599996,0.48042880769999996
6085.2,414.8641,303.47241410400005,0.47999156935000004
6131.3,416.4266,300.3003003,0.47953542499999996
6177.4,417.9332,297.85003552600006,0.4790596745
6223.5,419.4182,295.24886881500004,0.4785638176
6269.6,420.946,292.3976608,0.47804665395
6315.7,422.4515,289.37756554500004,0.47750818359999997
6361.8,424.02,286.38559149199995,0.4769459057
6407.9,425.5725,282.65392679300004,0.47635671924999995
6454.0,427.1271,280.58414376,0.4757411245
6500.1,428.6455,277.770083124,0.4750983211
6546.2,430.2559,274.7252747,0.47442650854999996
6592.3,431.744,272.30926427199995,0.47372608694999996
6638.4,433.2673,269.65833760800007,0.47299565585000003
6684.5,434.7834,267.05882352,0.47223241434999996
6730.6,436.3507,264.50838328599997,0.4714336616
6776.7,437.9097,262.4671916,0.47059939765000003
6822.8,439.4243,260.22727274,0.46973012259999997
6868.9,440.9846,257.80521594,0.46882313564999994
6915.0,442.5178,255.42825825,0.46787703630000005
6961.1,444.0923,253.73642614399998,0.4668887236
7007.2,445.6169,251.2562814,0.4658571972
7053.3,447.1592,249.171846499,0.46478055655
7099.4,448.6863,246.95025053800003,0.463656801
7145.5,450.2585,245.369032125,0.46248423000000005
7191.6,451.8472,243.902439,0.46126104300000004
7237.7,453.2493,242.7184466,0.45998954070000003
7283.8,454.7932,240.74374419999998,0.45866582185
7329.9,456.3369,239.240186837,0.45728368455
7376.0,457.9111,237.5296912,0.45584362894999997
7422.1,459.446,236.28953121199999,0.45434555494999995
7468.2,460.9712,234.741784,0.45278406089999995
7514.3,462.4863,233.1002331,0.45115814645
7560.4,464.0283,231.4814815,0.4494661111
7606.5,465.5715,230.4147465,0.4477012527
7652.6,467.1116,229.8850575,0.4458630711
7698.7,468.6846,228.378420748,0.44395206645
7744.8,470.1489,227.7904328,0.44196603805
7790.9,471.7153,227.22634510700004,0.43990058455000003
7837.0,473.2622,225.88684718,0.43775080435
7883.1,474.8379,225.2252252,0.4355126962
7929.2,476.3257,224.7191011,0.4331861601
7975.3,477.8379,223.7136465,0.43077229635000003
8021.4,479.3936,223.2142857,0.4282683041
8067.5,480.9561,222.34595395,0.42567168250000004
8113.6,482.4419,222.2222222,0.4229725285
8159.7,483.9673,221.72949,0.42017034189999997
8205.8,485.5693,221.72949,0.41726282195000003
8251.9,486.9663,221.2389381,0.4142550703
8298.0,488.4824,220.7505519,0.41115128824999997
8344.1,490.0581,220.7505519,0.4079383717
8390.2,491.5615,221.2389381,0.40460541715
8436.3,493.1216,221.2389381,0.40115192445
8482.4,494.6563,221.2389381,0.39758719659999997
8528.5,496.229,221.2389381,0.39390343105
8574.6,497.7344,221.72949,0.3900954262
8620.7,499.2515,222.2222222,0.38616548275
8666.8,500.7003,222.7171492,0.38212190335
8712.9,502.2956,223.2142857,0.37795648545
8759.0,503.8364,224.16508659,0.37364782215
8805.1,505.3812,224.7191011,0.36921311905000004
8851.2,506.8724,225.7336343,0.36465657735
8897.3,508.4955,226.7573696,0.3599613918
8943.4,509.9378,228.3105023,0.3551440676
8989.5,511.498,229.331555885,0.3502142078
9035.6,512.9093,230.9468822,0.34517871455
9081.7,514.4858,232.11028976000006,0.3400230833
9127.8,516.0724,233.6448598,0.33472950840000004
9173.9,517.5216,235.2941176,0.32932129725000003
9220.0,519.0895,236.9668246,0.3238065524
9266.1,520.4752,238.6634845,0.3182029794
9312.2,522.0252,239.93497511800004,0.31250577684999997
9358.3,523.6511,242.03132492699996,0.30669193735
9404.4,525.109,243.902439,0.30077066385
9450.5,526.5379,245.73050435000002,0.2947480583
9496.6,528.0495,247.93012799800002,0.28863392375
9542.7,529.5691,249.3765586,0.28244986715
9588.8,531.064,250.6265664,0.27619858925
9634.9,532.5772,253.164557,0.26985788305
9681.0,534.077,254.4529262,0.2634550572
9727.1,535.707,255.1020408,0.25699831424999997
9773.2,537.1779,256.621185136,0.25048555364999997
9819.3,538.7701,258.3979328,0.24394118299999998
9865.4,540.3142,259.0673575,0.23733209185
9911.5,541.7439,260.4166667,0.2306911907
9957.6,543.2529,261.7801047,0.22405289034999998
10003.7,544.7462,262.4671916,0.217405187
10049.8,546.2996,263.1578947,0.2107549829
10095.9,547.8723,263.8522427,0.20410107759999999
10142.0,549.3611,264.69060956,0.1974497731
10188.1,550.8752,265.2519894,0.19081227299999998
10234.2,552.4601,265.2519894,0.18419237845000003
10280.3,553.9785,265.2519894,0.1775963915
10326.4,555.4691,264.80288552800005,0.1710546217
10372.5,556.9509,264.7256958,0.164582874
10418.6,558.4974,264.5502646,0.1581785477
10464.7,560.0107,263.8522427,0.1518375414
10510.8,561.3956,262.4671916,0.14557085860000002
10556.9,563.0417,261.7801047,0.13936899635
10603.0,564.5438,260.892624,0.1332376564
10649.1,566.0897,259.127918698,0.12720014615
10695.2,567.5789,258.3979328,0.1212648682
10741.3,569.0952,257.0694087,0.11544232595000001
10787.4,570.6666,256.581635998,0.10972761780000001
10833.5,572.0729,255.1020408,0.10414235064999999
10879.6,573.5992,253.8071066,0.098701029
10925.7,575.0809,251.8891688,0.0933836466
10971.8,576.7017,251.14293270000005,0.08817709925
11017.9,578.1616,250.131578944,0.0831014933
11064.0,579.6769,248.7562189,0.0781751346
11110.1,581.2422,246.90749858499998,0.0733903207
11156.2,582.7682,245.7002457,0.06875235325000001
11202.3,584.235,244.4987775,0.0642611322
11248.4,585.7254,243.3090024,0.059923659850000005
11294.5,587.2187,241.867564995,0.0557475385
11340.6,588.7234,240.35002768599998,0.05172356534999999
11386.7,590.2468,238.85190304899996,0.04784493815
11432.8,591.7405,237.5296912,0.04411925935
11478.9,593.2344,236.9668246,0.04055073025000001
11525.0,594.7792,235.5715871,0.0371393509
11571.1,596.3427,234.13184795299998,0.03388352075
11617.2,597.8757,232.70992570799996,0.0307765377
11663.3,599.4221,231.30506373100005,0.027819001949999998
11709.4,600.8837,229.91683884,0.02501571495
11755.5,602.3359,228.8329519,0.022366976900000002
11801.6,603.9521,227.2727273,0.01985788305
11847.7,605.4091,225.85109750799995,0.0174882333
11893.8,607.0277,224.7191011,0.01525992825
11939.9,608.5184,223.219279308,0.013171567500000002
11986.0,610.0007,221.92658288,0.0112193498
12032.1,611.4788,220.7505519,0.00939927395
12078.2,613.0071,219.7802198,0.00770973935
12124.3,614.5601,218.3406114,0.0061453444
12170.4,615.9891,216.9197397,0.00470058725
12216.5,617.5015,215.9827214,0.00336986625
12262.6,618.9546,214.47280147599997,0.0021498802
12308.7,620.5466,213.27884387499995,0.001036728
12354.8,621.9974,212.09831231600003,2.7308649999999998e-05
12400.9,623.5347,210.93049075300002,-0.00088478
12447.0,625.0047,209.77573421,-0.0017066400000000002
12493.1,626.5512,208.63343769099998,-0.002443873
12539.2,627.961,207.07370087599995,-0.0031013815
12585.3,629.4696,206.38578850400003,-0.0036840655
12631.4,631.0594,204.9180328,-0.0041983285
12677.5,632.5317,204.0816327,-0.0046479705
12723.6,634.1117,202.8397566,-0.005038894499999999
12769.7,635.6152,201.62512216399998,-0.0053780015
12815.8,637.1605,200.8032129,-0.005669494000000001
12861.9,638.5786,199.92415169600002,-0.0059182725
12908.0,640.1168,198.88636314000001,-0.006128939
12954.1,641.7591,197.859351165,-0.0063069955
13000.2,643.209,196.45594974399998,-0.006457043
13046.3,644.7232,195.45391999400002,-0.0065815825
13092.4,646.2269,194.46186394400002,-0.0066837145
13138.5,647.8028,193.479825485,-0.006766641
13184.6,649.297,192.50778125399998,-0.006833462
13230.7,650.7998,191.54524073899998,-0.006887079000000001
13276.8,652.2932,190.4761905,-0.006928092
13322.9,653.8592,189.649100123,-0.006958902
13369.0,655.3434,187.9699248,-0.0069840095
13415.1,656.9278,186.38997750099998,-0.007004516
13461.2,658.3353,184.76118499199995,-0.0070209215
13507.3,659.872,183.91493336400003,-0.0070338255
13553.4,661.4894,182.036761062,-0.007043228499999999
13599.5,662.913,179.56556193,-0.007050030499999999
13645.6,664.532,177.758955268,-0.0070563325
13691.7,666.0164,176.31405714999997,-0.007063935
13737.8,667.4878,174.89253301400004,-0.0070720375
13783.9,669.0118,173.493765638,-0.0070810405
13830.0,670.5026,172.1170396,-0.007091043500000001
13876.1,672.0673,170.58489494399998,-0.007101047
13922.2,673.5341,169.141857564,-0.0071115499999999995
13968.3,675.1111,167.83317354000002,-0.0071219535
14014.4,676.6805,166.82248194000002,-0.007133257
14060.5,678.1617,165.82375103,-0.0071469615
14106.6,679.5895,164.565811144,-0.007162566
14152.7,681.2224,163.593915459,-0.007178171
14198.8,682.616,162.36933794400002,-0.007192676
14244.9,684.2578,161.684207192,-0.0072079805
14291.0,685.7492,160.74589815,-0.0072356895
14337.1,687.2108,159.818530319,-0.0072641985
14383.2,688.7599,158.90175887599997,-0.0072778025000000005
14429.3,690.1743,158.4786054,-0.0072861055
14475.4,691.748,156.96654245000002,-0.0072933075
14521.5,693.2265,156.70301852,-0.007300109999999999
14567.6,694.8011,155.70510119600002,-0.0073061115
14613.7,696.2459,154.71023680599998,-0.0073113135
14659.8,697.8048,154.325758054,-0.007316115
14705.9,699.2491,154.3209877,-0.007319616
14752.0,700.8746,157.03616352,-0.0073208165000000006
14798.1,702.337,155.0387597,-0.0073197159999999995
14844.2,703.8887,153.74689822399998,-0.0073151145
14890.3,705.4846,152.43206371300002,-0.007307412
14936.4,706.8583,151.59792154800002,-0.007297109
14982.5,708.563,150.8295626,-0.0072841045
15028.6,709.9864,150.1501502,-0.0072689
15074.7,711.5443,149.4768311,-0.0072513945
15120.8,713.0115,148.8095238,-0.007231687999999999
15166.9,714.5577,147.9289941,-0.0072102814999999995
15213.0,716.0775,147.42745928,-0.007185973500000001
15259.1,717.5611,146.862313186,-0.0071566645
15305.2,719.0248,146.30157627199998,-0.0071220534999999995
15351.3,720.406,145.7725948,-0.0070812405
15397.4,722.1554,145.403845504,-0.0070331255
15443.5,723.4775,144.854128635,-0.006974607000000001
15489.6,725.0646,144.308485348,-0.0069018840000000005
15535.7,726.5154,143.8848921,-0.006816856999999999
15581.8,727.9996,143.2664756,-0.006723727499999999
15627.9,729.5283,142.8571429,-0.0066263965
15674.0,731.161,142.2475107,-0.0065277655
15720.1,732.7096,141.6430595,-0.006428334
15766.2,734.1689,141.2429379,-0.0063288025
15812.3,735.7369,140.601542383,-0.006229371
15858.4,737.1786,140.2524544,-0.0061295394999999996
15904.5,738.7711,140.0560224,-0.0060291075
15950.6,740.2037,139.45835902599998,-0.005928776
15996.7,741.8439,140.31745905399998,-0.005828444
16042.8,743.3655,139.4700139,-0.005727612
16088.9,744.9608,138.738693552,-0.0056271805
16135.0,746.4554,138.121547,-0.005527149
16181.1,747.895,137.59332159700003,-0.0054275174999999995
16227.2,749.4274,137.415541832,-0.005328486
16273.3,750.9765,136.9863014,-0.005230655
16319.4,752.6818,136.62323492200002,-0.0051336245
16365.5,754.116,136.13783389,-0.0050369935
16411.6,755.627,139.02032988800005,-0.004940363
16457.7,757.0046,137.97485237499998,-0.0048430325
16503.8,758.6581,138.78221230199986,-0.0047459015
16549.9,760.2887,139.27770847899998,-0.004648971
16596.0,761.6642,138.58099514,-0.0045525405000000005
16642.1,763.2381,138.121547,-0.00445711
16688.2,764.4953,137.7410468,-0.00436218
16734.3,765.863,136.905721206,-0.0042681505
16780.4,767.4592,136.425648,-0.004174321
16826.5,768.9938,136.11929787,-0.004080491
16872.6,770.2877,135.63740792200002,-0.003988462
16918.7,771.8885,134.97647441799998,-0.0038980335
16964.8,773.2899,134.322003336,-0.0038071044999999997
17010.9,774.85,134.032107008,-0.003716176
17057.0,776.4044,133.5113485,-0.0036255470000000002
17103.1,777.9023,132.74752446900004,-0.0035350185
17149.2,779.5308,132.464384188,-0.00344559
17195.3,780.8788,132.1003963,-0.0033574625
17241.4,782.4558,131.5789474,-0.003270935
17287.5,783.9803,131.14771042499999,-0.003186008
17333.6,785.611,130.3780965,-0.0031020815
17379.7,787.1013,130.2083333,-0.003018555
17425.8,788.6744,129.7016861,-0.0029352285
17471.9,790.2217,129.3661061,-0.0028533029999999997
